<?xml version="1.0" encoding="utf-8" ?>
<dwsync>
<file name=".DS_Store" server="D:/xampp/htdocs/" local="128152826700000000" remote="128152826700000000" Dst="0" />
<file name="as_pointer.png" server="D:/xampp/htdocs/" local="128148918100000000" remote="128148918100000000" Dst="0" />
<file name="li_corner.png" server="D:/xampp/htdocs/" local="128148918360000000" remote="128148918360000000" Dst="0" />
<file name="ul_corner.png" server="D:/xampp/htdocs/" local="128148918280000000" remote="128148918280000000" Dst="0" />
<file name=".DS_Store" server="viwindti.com//public_html/tivi/" local="128152826700000000" remote="130396644600000000" Dst="0" />
<file name="as_pointer.png" server="viwindti.com//public_html/tivi/" local="128148918100000000" remote="130396644600000000" Dst="0" />
<file name="li_corner.png" server="viwindti.com//public_html/tivi/" local="128148918360000000" remote="130396644600000000" Dst="0" />
<file name="ul_corner.png" server="viwindti.com//public_html/tivi/" local="128148918280000000" remote="130396644600000000" Dst="0" />
</dwsync>