<?xml version="1.0" encoding="utf-8" ?>
<dwsync>
<file name="vjs.eot" server="D:/xampp/htdocs/" local="130385600380000000" remote="130385600380000000" Dst="0" />
<file name="vjs.woff" server="D:/xampp/htdocs/" local="130385600380000000" remote="130385600380000000" Dst="0" />
<file name="vjs.ttf" server="D:/xampp/htdocs/" local="130385600380000000" remote="130385600380000000" Dst="0" />
<file name="vjs.svg" server="D:/xampp/htdocs/" local="130385600380000000" remote="130385600380000000" Dst="0" />
<file name="vjs.eot" server="viwindti.com//public_html/tivi/" local="130385600380000000" remote="130396644600000000" Dst="0" />
<file name="vjs.svg" server="viwindti.com//public_html/tivi/" local="130385600380000000" remote="130396644600000000" Dst="0" />
<file name="vjs.ttf" server="viwindti.com//public_html/tivi/" local="130385600380000000" remote="130396644600000000" Dst="0" />
<file name="vjs.woff" server="viwindti.com//public_html/tivi/" local="130385600380000000" remote="130396644600000000" Dst="0" />
</dwsync>