<?xml version="1.0" encoding="utf-8" ?>
<dwsync>
<file name=".DS_Store" server="D:/xampp/htdocs/" local="128152827060000000" remote="128152827060000000" Dst="0" />
<file name="bsn.html" server="D:/xampp/htdocs/" local="130390816766738281" remote="130390816760000000" Dst="0" />
<file name="bsn.php" server="D:/xampp/htdocs/" local="130391157317500000" remote="130391157310000000" Dst="0" />
<file name="test.php" server="D:/xampp/htdocs/" local="130395992154980468" remote="130395992150000000" Dst="0" />
<file name=".DS_Store" server="viwindti.com//public_html/tivi/" local="128152827060000000" remote="130396644600000000" Dst="0" />
<file name="bsn.html" server="viwindti.com//public_html/tivi/" local="130390816766738281" remote="130396644600000000" Dst="0" />
<file name="bsn.php" server="viwindti.com//public_html/tivi/" local="130391157317500000" remote="130396644600000000" Dst="0" />
<file name="test.php" server="viwindti.com//public_html/tivi/" local="130395992154980468" remote="130396644600000000" Dst="0" />
</dwsync>