<?xml version="1.0" encoding="utf-8" ?>
<dwsync>
<file name="500.jpg" server="viwindti.com//public_html/tivi/" local="130389828000000000" remote="130389828000000000" Dst="0" />
<file name="banner.jpg" server="viwindti.com//public_html/tivi/" local="130389828000000000" remote="130389828000000000" Dst="0" />
<file name="banner.png" server="viwindti.com//public_html/tivi/" local="130389828600000000" remote="130389828600000000" Dst="0" />
<file name="banner1.png" server="viwindti.com//public_html/tivi/" local="130389828600000000" remote="130389828600000000" Dst="0" />
<file name="main_bg.jpg" server="viwindti.com//public_html/tivi/" local="130389828600000000" remote="130389828600000000" Dst="0" />
<file name="photo.gif" server="viwindti.com//public_html/tivi/" local="130389828000000000" remote="130389828000000000" Dst="0" />
<file name="search_button.png" server="viwindti.com//public_html/tivi/" local="130389828600000000" remote="130389828600000000" Dst="0" />
<file name="search_pic.gif" server="viwindti.com//public_html/tivi/" local="130389828600000000" remote="130389828600000000" Dst="0" />
<file name="search_pic.png" server="viwindti.com//public_html/tivi/" local="130389828600000000" remote="130389828600000000" Dst="0" />
<file name="search_pic1.png" server="viwindti.com//public_html/tivi/" local="130389828600000000" remote="130389828600000000" Dst="0" />
<file name="Thumbs.db" server="viwindti.com//public_html/tivi/" local="130389828000000000" remote="130389828000000000" Dst="0" />
<file name="top_bg.png" server="viwindti.com//public_html/tivi/" local="130389828600000000" remote="130389828600000000" Dst="0" />
<file name="Untitled-1 copy.png" server="viwindti.com//public_html/tivi/" local="130389828600000000" remote="130389828600000000" Dst="0" />
<file name="Untitled-1.psd" server="viwindti.com//public_html/tivi/" local="130389828600000000" remote="130389828600000000" Dst="0" />
</dwsync>