<?xml version="1.0" encoding="utf-8" ?>
<dwsync>
<file name="video-js.css" server="D:/xampp/htdocs/" local="130385600380000000" remote="130385600380000000" Dst="0" />
<file name="video.js" server="D:/xampp/htdocs/" local="130385600380000000" remote="130385600380000000" Dst="0" />
<file name="demo.captions.vtt" server="D:/xampp/htdocs/" local="130385600380000000" remote="130385600380000000" Dst="0" />
<file name="demo.html" server="D:/xampp/htdocs/" local="130389704367832031" remote="130389704360000000" Dst="0" />
<file name="video-js.less" server="D:/xampp/htdocs/" local="130383806820000000" remote="130383806820000000" Dst="0" />
<file name="video-js.min.css" server="D:/xampp/htdocs/" local="130385600380000000" remote="130385600380000000" Dst="0" />
<file name="video-js.swf" server="D:/xampp/htdocs/" local="130385600380000000" remote="130385600380000000" Dst="0" />
<file name="video.dev.js" server="D:/xampp/htdocs/" local="130385600380000000" remote="130385600380000000" Dst="0" />
<file name="demo.captions.vtt" server="viwindti.com//public_html/tivi/" local="130385600380000000" remote="130396644600000000" Dst="0" />
<file name="demo.html" server="viwindti.com//public_html/tivi/" local="130389704367832031" remote="130396644600000000" Dst="0" />
<file name="video-js.css" server="viwindti.com//public_html/tivi/" local="130385600380000000" remote="130396644600000000" Dst="0" />
<file name="video-js.min.css" server="viwindti.com//public_html/tivi/" local="130385600380000000" remote="130396644600000000" Dst="0" />
<file name="video-js.less" server="viwindti.com//public_html/tivi/" local="130383806820000000" remote="130396644600000000" Dst="0" />
<file name="video-js.swf" server="viwindti.com//public_html/tivi/" local="130385600380000000" remote="130396644600000000" Dst="0" />
<file name="video.js" server="viwindti.com//public_html/tivi/" local="130385600380000000" remote="130396644600000000" Dst="0" />
<file name="video.dev.js" server="viwindti.com//public_html/tivi/" local="130385600380000000" remote="130396644600000000" Dst="0" />
</dwsync>