<?xml version="1.0" encoding="utf-8" ?>
<dwsync>
<file name="conf.php" server="D:/xampp/htdocs/" local="130394672354833985" remote="130394672350000000" Dst="0" />
<file name="db.php" server="D:/xampp/htdocs/" local="130396079303789062" remote="130396079300000000" Dst="0" />
<file name="config.php" server="D:/xampp/htdocs/" local="130391873757197266" remote="130391873750000000" Dst="0" />
<file name="function.php" server="D:/xampp/htdocs/" local="130396329402119140" remote="130396329400000000" Dst="0" />
<file name="captcha.php" server="D:/xampp/htdocs/" local="130386812818466796" remote="130386812810000000" Dst="0" />
<file name="index.php" server="D:/xampp/htdocs/" local="130386810365166015" remote="130386810360000000" Dst="0" />
<file name="captcha.php" server="viwindti.com//public_html/tivi/" local="130386812818466796" remote="130396644000000000" Dst="0" />
<file name="conf.php" server="viwindti.com//public_html/tivi/" local="130394672354833985" remote="130396644000000000" Dst="0" />
<file name="config.php" server="viwindti.com//public_html/tivi/" local="130391873757197266" remote="130396644000000000" Dst="0" />
<file name="db.php" server="viwindti.com//public_html/tivi/" local="130396079303789062" remote="130396644000000000" Dst="0" />
<file name="function.php" server="viwindti.com//public_html/tivi/" local="130396750800000000" remote="130396750800000000" Dst="0" />
<file name="index.php" server="viwindti.com//public_html/tivi/" local="130386810365166015" remote="130396644000000000" Dst="0" />
</dwsync>