<?xml version="1.0" encoding="utf-8" ?>
<dwsync>
<file name="thongke.php" server="D:/xampp/htdocs/" local="130395347567041015" remote="130395347560000000" Dst="0" />
<file name="index.php" server="D:/xampp/htdocs/" local="130386810365166015" remote="130386810360000000" Dst="0" />
<file name="player2.swf" server="D:/xampp/htdocs/" local="130389789414902344" remote="130389789410000000" Dst="0" />
<file name="thongke.zip" server="D:/xampp/htdocs/" local="130390269681826172" remote="130390269680000000" Dst="0" />
<file name="timkiem-ajax.zip" server="D:/xampp/htdocs/" local="130390269190000000" remote="130390269190000000" Dst="0" />
<file name="index.php" server="viwindti.com//public_html/tivi/" local="130386810365166015" remote="130396644000000000" Dst="0" />
<file name="player2.swf" server="viwindti.com//public_html/tivi/" local="130389789414902344" remote="130396644600000000" Dst="0" />
<file name="thongke.php" server="viwindti.com//public_html/tivi/" local="130395347567041015" remote="130396644600000000" Dst="0" />
<file name="thongke.zip" server="viwindti.com//public_html/tivi/" local="130390269681826172" remote="130396644600000000" Dst="0" />
<file name="timkiem-ajax.zip" server="viwindti.com//public_html/tivi/" local="130390269190000000" remote="130396644600000000" Dst="0" />
</dwsync>