<?xml version="1.0" encoding="utf-8" ?>
<dwsync>
<file name="updatechanel.php" server="D:/xampp/htdocs/" local="130397137821210937" remote="130397137820000000" Dst="0" />
<file name="kenh.php" server="D:/xampp/htdocs/" local="130397144769990234" remote="130397144760000000" Dst="0" />
<file name="mnfeedback.php" server="D:/xampp/htdocs/" local="130396409039013671" remote="130396409030000000" Dst="0" />
<file name="thongke.php" server="D:/xampp/htdocs/" local="130397079424648437" remote="130397079420000000" Dst="0" />
<file name="updatedanhmuc.php" server="D:/xampp/htdocs/" local="130397106907578125" remote="130397106900000000" Dst="0" />
<file name=".htaccess" server="D:/xampp/htdocs/" local="130396369580322265" remote="130396369580000000" Dst="0" />
<file name="admin.php" server="D:/xampp/htdocs/" local="130395422594990235" remote="130395422590000000" Dst="0" />
<file name="checkkenh.php" server="D:/xampp/htdocs/" local="130394517176416016" remote="130394517170000000" Dst="0" />
<file name="danhmuc.php" server="D:/xampp/htdocs/" local="130397103573056640" remote="130397103570000000" Dst="0" />
<file name="deny.php" server="D:/xampp/htdocs/" local="130396373056699218" remote="130396373050000000" Dst="0" />
<file name="index.php" server="D:/xampp/htdocs/" local="130396392727031250" remote="130396392720000000" Dst="0" />
<file name="login.php" server="D:/xampp/htdocs/" local="130384319242441407" remote="130384319240000000" Dst="0" />
<file name="xoadanhmuc.php" server="D:/xampp/htdocs/" local="130394502382373047" remote="130394502380000000" Dst="0" />
<file name=".htaccess" server="viwindti.com//public_html/tivi/" local="130396369580322265" remote="130396644000000000" Dst="0" />
<file name="admin.php" server="viwindti.com//public_html/tivi/" local="130395422594990235" remote="130396644000000000" Dst="0" />
<file name="checkkenh.php" server="viwindti.com//public_html/tivi/" local="130394517176416016" remote="130396644000000000" Dst="0" />
<file name="danhmuc.php" server="viwindti.com//public_html/tivi/" local="130397103573056640" remote="130396644000000000" Dst="0" />
<file name="deny.php" server="viwindti.com//public_html/tivi/" local="130396373056699218" remote="130396644000000000" Dst="0" />
<file name="index.php" server="viwindti.com//public_html/tivi/" local="130397217944785156" remote="130396750800000000" Dst="0" />
<file name="kenh.php" server="viwindti.com//public_html/tivi/" local="130397259392363281" remote="130396755600000000" Dst="0" />
<file name="login.php" server="viwindti.com//public_html/tivi/" local="130384319242441407" remote="130396644000000000" Dst="0" />
<file name="mnfeedback.php" server="viwindti.com//public_html/tivi/" local="130396409039013671" remote="130396644000000000" Dst="0" />
<file name="thongke.php" server="viwindti.com//public_html/tivi/" local="130397079424648437" remote="130396644000000000" Dst="0" />
<file name="updatechanel.php" server="viwindti.com//public_html/tivi/" local="130398071050810547" remote="130397569200000000" Dst="0" />
<file name="updatedanhmuc.php" server="viwindti.com//public_html/tivi/" local="130397106907578125" remote="130396644000000000" Dst="0" />
<file name="xoadanhmuc.php" server="viwindti.com//public_html/tivi/" local="130394502382373047" remote="130396644000000000" Dst="0" />
<file name="themdanhmuc.php" server="viwindti.com//public_html/tivi/" local="130388574600000000" remote="130388574600000000" Dst="0" />
</dwsync>