<?xml version="1.0" encoding="utf-8" ?>
<dwsync>
<file name="as_pointer.gif" server="D:/xampp/htdocs/" local="128148599180000000" remote="128148599180000000" Dst="0" />
<file name="hl_corner_bl.gif" server="D:/xampp/htdocs/" local="128148730680000000" remote="128148730680000000" Dst="0" />
<file name="hl_corner_br.gif" server="D:/xampp/htdocs/" local="128148730680000000" remote="128148730680000000" Dst="0" />
<file name="hl_corner_tl.gif" server="D:/xampp/htdocs/" local="128148730680000000" remote="128148730680000000" Dst="0" />
<file name="hl_corner_tr.gif" server="D:/xampp/htdocs/" local="128148730680000000" remote="128148730680000000" Dst="0" />
<file name="ul_corner_bl.gif" server="D:/xampp/htdocs/" local="128148681800000000" remote="128148681800000000" Dst="0" />
<file name="ul_corner_br.gif" server="D:/xampp/htdocs/" local="128148681800000000" remote="128148681800000000" Dst="0" />
<file name="ul_corner_tl.gif" server="D:/xampp/htdocs/" local="128148681800000000" remote="128148681800000000" Dst="0" />
<file name="ul_corner_tr.gif" server="D:/xampp/htdocs/" local="128148681800000000" remote="128148681800000000" Dst="0" />
<file name="as_pointer.gif" server="viwindti.com//public_html/tivi/" local="128148599180000000" remote="130396644600000000" Dst="0" />
<file name="hl_corner_bl.gif" server="viwindti.com//public_html/tivi/" local="128148730680000000" remote="130396644600000000" Dst="0" />
<file name="hl_corner_br.gif" server="viwindti.com//public_html/tivi/" local="128148730680000000" remote="130396644600000000" Dst="0" />
<file name="hl_corner_tl.gif" server="viwindti.com//public_html/tivi/" local="128148730680000000" remote="130396644600000000" Dst="0" />
<file name="hl_corner_tr.gif" server="viwindti.com//public_html/tivi/" local="128148730680000000" remote="130396644600000000" Dst="0" />
<file name="ul_corner_bl.gif" server="viwindti.com//public_html/tivi/" local="128148681800000000" remote="130396644600000000" Dst="0" />
<file name="ul_corner_br.gif" server="viwindti.com//public_html/tivi/" local="128148681800000000" remote="130396644600000000" Dst="0" />
<file name="ul_corner_tl.gif" server="viwindti.com//public_html/tivi/" local="128148681800000000" remote="130396644600000000" Dst="0" />
<file name="ul_corner_tr.gif" server="viwindti.com//public_html/tivi/" local="128148681800000000" remote="130396644600000000" Dst="0" />
</dwsync>