<?xml version="1.0" encoding="utf-8" ?>
<dwsync>
<file name="about_us.php" server="viwindti.com//public_html/tivi/" local="130389828600000000" remote="130389828600000000" Dst="0" />
<file name="add_term.php" server="viwindti.com//public_html/tivi/" local="130389828600000000" remote="130389828600000000" Dst="0" />
<file name="add_term_form.php" server="viwindti.com//public_html/tivi/" local="130389828600000000" remote="130389828600000000" Dst="0" />
<file name="ajax_search.php" server="viwindti.com//public_html/tivi/" local="130389828600000000" remote="130389828600000000" Dst="0" />
<file name="config.php" server="viwindti.com//public_html/tivi/" local="130389828600000000" remote="130389828600000000" Dst="0" />
<file name="index.php" server="viwindti.com//public_html/tivi/" local="130389828600000000" remote="130389828600000000" Dst="0" />
<file name="search.php" server="viwindti.com//public_html/tivi/" local="130389828600000000" remote="130389828600000000" Dst="0" />
<file name="search.sql" server="viwindti.com//public_html/tivi/" local="130389828600000000" remote="130389828600000000" Dst="0" />
<file name="sieunhan.css" server="viwindti.com//public_html/tivi/" local="130389828600000000" remote="130389828600000000" Dst="0" />
<file name="vuthanhlai_ajax.js" server="viwindti.com//public_html/tivi/" local="130389828600000000" remote="130389828600000000" Dst="0" />
<file name="xulytukhoa.php" server="viwindti.com//public_html/tivi/" local="130389828600000000" remote="130389828600000000" Dst="0" />
</dwsync>