<?xml version="1.0" encoding="utf-8" ?>
<dwsync>
<file name="add.php" server="viwindti.com//public_html/tivi/" local="130389828000000000" remote="130389828000000000" Dst="0" />
<file name="add_KENH.html" server="viwindti.com//public_html/tivi/" local="130389828000000000" remote="130389828000000000" Dst="0" />
<file name="chon_chinhsua.php" server="viwindti.com//public_html/tivi/" local="130389828000000000" remote="130389828000000000" Dst="0" />
<file name="chon_xoa.php" server="viwindti.com//public_html/tivi/" local="130389828000000000" remote="130389828000000000" Dst="0" />
<file name="delete.php" server="viwindti.com//public_html/tivi/" local="130389828000000000" remote="130389828000000000" Dst="0" />
<file name="index.php" server="viwindti.com//public_html/tivi/" local="130389828000000000" remote="130389828000000000" Dst="0" />
<file name="them.php" server="viwindti.com//public_html/tivi/" local="130389828000000000" remote="130389828000000000" Dst="0" />
<file name="themKENH.html" server="viwindti.com//public_html/tivi/" local="130389828000000000" remote="130389828000000000" Dst="0" />
<file name="update.php" server="viwindti.com//public_html/tivi/" local="130389828000000000" remote="130389828000000000" Dst="0" />
<file name="view_KENH.php" server="viwindti.com//public_html/tivi/" local="130389828000000000" remote="130389828000000000" Dst="0" />
</dwsync>