<?xml version="1.0" encoding="utf-8" ?>
<dwsync>
<file name="jwplayer.flash.swf" server="D:/xampp/htdocs/" local="130360754080000000" remote="130360754080000000" Dst="0" />
<file name="jwplayer.html5.js" server="D:/xampp/htdocs/" local="130360754080000000" remote="130360754080000000" Dst="0" />
<file name="jwplayer.js" server="D:/xampp/htdocs/" local="130360754080000000" remote="130360754080000000" Dst="0" />
<file name="README.html" server="D:/xampp/htdocs/" local="130360754080000000" remote="130360754080000000" Dst="0" />
<file name="jwplayer.flash.swf" server="viwindti.com//public_html/tivi/" local="130360754080000000" remote="130396644600000000" Dst="0" />
<file name="jwplayer.js" server="viwindti.com//public_html/tivi/" local="130360754080000000" remote="130396644600000000" Dst="0" />
<file name="README.html" server="viwindti.com//public_html/tivi/" local="130360754080000000" remote="130396644600000000" Dst="0" />
<file name="jwplayer.html5.js" server="viwindti.com//public_html/tivi/" local="130360754080000000" remote="130396644600000000" Dst="0" />
</dwsync>