<?xml version="1.0" encoding="utf-8" ?>
<dwsync>
<file name="core.js" server="D:/xampp/htdocs/" local="130394638967304688" remote="130394638960000000" Dst="0" />
<file name="AJAX.js" server="D:/xampp/htdocs/" local="130391651173535156" remote="130391651170000000" Dst="0" />
<file name="index.php" server="D:/xampp/htdocs/" local="130386810365166015" remote="130386810360000000" Dst="0" />
<file name="jquery-1.11.0.min.js" server="D:/xampp/htdocs/" local="130390903448486328" remote="130390903440000000" Dst="0" />
<file name="AJAX.js" server="viwindti.com//public_html/tivi/" local="130391651173535156" remote="130396644000000000" Dst="0" />
<file name="core.js" server="viwindti.com//public_html/tivi/" local="130394638967304688" remote="130396644000000000" Dst="0" />
<file name="index.php" server="viwindti.com//public_html/tivi/" local="130386810365166015" remote="130396644000000000" Dst="0" />
<file name="jquery-1.11.0.min.js" server="viwindti.com//public_html/tivi/" local="130390903448486328" remote="130396644000000000" Dst="0" />
</dwsync>